customer_id,first_name,last_name,gender,email,phone,city,state,country,loyalty_tier,signup_date,age_band,marketing_opt_in
1,Diya,Reddy,F,diya.reddy1@example.com,94949905957,Visakhapatnam,AP,IN,Gold,2024-02-20,18-24,False
2,Neha,Gupta,F,neha.gupta2@example.com,98074578746,Pune,MH,IN,Bronze,2025-02-11,25-34,True
3,Isha,Sharma,F,isha.sharma3@example.com,96794786080,Surat,GJ,IN,Gold,2024-11-14,18-24,True
4,Karthik,Sharma,M,karthik.sharma4@example.com,98448680547,Jaipur,RJ,IN,Silver,2024-09-15,35-44,True
5,Priya,Reddy,F,priya.reddy5@example.com,99038090091,Hyderabad,TS,IN,Silver,2025-03-19,25-34,True
6,Vihaan,Gupta,M,vihaan.gupta6@example.com,97147440578,Pune,MH,IN,Silver,2024-04-23,55+,True
7,Karthik,Kulkarni,M,karthik.kulkarni7@example.com,95226002301,Hyderabad,TS,IN,Bronze,2024-09-27,25-34,True
8,Sneha,Gupta,F,sneha.gupta8@example.com,94934367269,Visakhapatnam,AP,IN,Gold,2024-03-16,35-44,True
9,Sneha,Iyer,F,sneha.iyer9@example.com,98242879216,Pune,MH,IN,Bronze,2025-06-08,35-44,True
10,Vikram,Kulkarni,M,vikram.kulkarni10@example.com,91066260427,Chennai,TN,IN,Silver,2024-06-17,35-44,False
11,Aanya,Patel,F,aanya.patel11@example.com,95130241979,Visakhapatnam,AP,IN,Silver,2024-01-22,18-24,False
12,Rahul,Khan,M,rahul.khan12@example.com,96087124957,Chennai,TN,IN,Silver,2024-03-22,35-44,True
13,Isha,Gupta,F,isha.gupta13@example.com,93735550882,Lucknow,UP,IN,Bronze,2024-07-21,18-24,True
14,Ananya,Sharma,F,ananya.sharma14@example.com,93105455372,Bengaluru,KA,IN,Bronze,2024-09-12,25-34,True
15,Priya,Sharma,F,priya.sharma15@example.com,96013289370,New Delhi,DL,IN,Silver,2025-08-04,25-34,False
16,Suresh,Kulkarni,M,suresh.kulkarni16@example.com,91204408658,Chennai,TN,IN,Bronze,2025-01-22,35-44,True
17,Aarav,Das,M,aarav.das17@example.com,95509402975,Kochi,KL,IN,Bronze,2024-10-17,25-34,True
18,Vihaan,Iyer,M,vihaan.iyer18@example.com,96672543337,Bengaluru,KA,IN,Bronze,2025-02-10,18-24,True
19,Sneha,Singh,F,sneha.singh19@example.com,99177226215,Nagpur,MH,IN,Silver,2024-09-24,55+,False
20,Pooja,Khan,F,pooja.khan20@example.com,95044253518,Jaipur,RJ,IN,Bronze,2024-06-04,18-24,False
21,Rohit,Sharma,M,rohit.sharma21@example.com,92821270282,Hyderabad,TS,IN,Bronze,2025-04-17,18-24,False
22,Meera,Singh,F,meera.singh22@example.com,97475166602,Bengaluru,KA,IN,Bronze,2024-12-04,35-44,True
23,Meera,Sharma,F,meera.sharma23@example.com,91759998890,Kolkata,WB,IN,Bronze,2025-04-04,25-34,True
24,Kunal,Das,M,kunal.das24@example.com,91930626709,Surat,GJ,IN,Silver,2024-01-25,18-24,False
25,Ananya,Patel,F,ananya.patel25@example.com,94121828240,New Delhi,DL,IN,Silver,2024-06-21,55+,True
26,Ananya,Gupta,F,ananya.gupta26@example.com,91744569999,Surat,GJ,IN,Bronze,2024-01-14,25-34,False
27,Neha,Sharma,F,neha.sharma27@example.com,95261404609,Jaipur,RJ,IN,Bronze,2025-07-11,25-34,True
28,Arjun,Verma,M,arjun.verma28@example.com,98436627316,Visakhapatnam,AP,IN,Gold,2024-07-12,18-24,True
29,Rohit,Patel,M,rohit.patel29@example.com,97050160836,Ahmedabad,GJ,IN,Bronze,2024-05-22,35-44,False
30,Rahul,Singh,M,rahul.singh30@example.com,99244106605,Indore,MP,IN,Bronze,2025-01-20,18-24,True
31,Karthik,Gupta,M,karthik.gupta31@example.com,98468107687,Surat,GJ,IN,Gold,2025-07-16,55+,True
32,Suresh,Reddy,M,suresh.reddy32@example.com,93303685814,Pune,MH,IN,Gold,2024-07-04,18-24,True
33,Aarav,Khan,M,aarav.khan33@example.com,99931380075,Kolkata,WB,IN,Gold,2024-02-23,45-54,False
34,Kunal,Sharma,M,kunal.sharma34@example.com,93843361466,Pune,MH,IN,Silver,2025-03-13,35-44,True
35,Rajat,Khan,M,rajat.khan35@example.com,97721106501,Pune,MH,IN,Bronze,2024-01-04,18-24,True
36,Riya,Iyer,F,riya.iyer36@example.com,92379558849,Indore,MP,IN,Bronze,2025-07-01,25-34,False
37,Vikram,Patel,M,vikram.patel37@example.com,93792913055,Chennai,TN,IN,Silver,2024-07-06,25-34,True
38,Arjun,Gupta,M,arjun.gupta38@example.com,93066904269,Visakhapatnam,AP,IN,Bronze,2025-07-21,35-44,True
39,Karthik,Verma,M,karthik.verma39@example.com,97248361920,Chennai,TN,IN,Silver,2024-08-31,35-44,False
40,Pooja,Iyer,F,pooja.iyer40@example.com,92179519763,Indore,MP,IN,Bronze,2024-04-26,45-54,True
41,Rajat,Iyer,M,rajat.iyer41@example.com,95397256407,New Delhi,DL,IN,Silver,2024-07-02,25-34,False
42,Rohit,Patel,M,rohit.patel42@example.com,95996782380,Kochi,KL,IN,Silver,2025-07-12,18-24,True
43,Vikram,Sharma,M,vikram.sharma43@example.com,99696087208,Lucknow,UP,IN,Silver,2024-04-15,35-44,True
44,Aanya,Sharma,F,aanya.sharma44@example.com,91160531055,Mumbai,MH,IN,Bronze,2025-06-28,45-54,False
45,Arjun,Iyer,M,arjun.iyer45@example.com,95776926314,Jaipur,RJ,IN,Silver,2025-06-29,25-34,True
46,Vihaan,Iyer,M,vihaan.iyer46@example.com,94832938776,Kolkata,WB,IN,Silver,2025-05-21,45-54,True
47,Rajat,Das,M,rajat.das47@example.com,93129961266,Kochi,KL,IN,Silver,2025-05-06,18-24,True
48,Neha,Verma,F,neha.verma48@example.com,92315559197,Nagpur,MH,IN,Gold,2025-04-21,25-34,True
49,Aanya,Sharma,F,aanya.sharma49@example.com,92489785504,Surat,GJ,IN,Bronze,2024-12-03,18-24,True
50,Karthik,Singh,M,karthik.singh50@example.com,92571773238,Lucknow,UP,IN,Bronze,2024-03-30,25-34,False
51,Suresh,Sharma,M,suresh.sharma51@example.com,93861919872,Chennai,TN,IN,Silver,2025-03-05,45-54,True
52,Rahul,Patel,M,rahul.patel52@example.com,93130703839,Ahmedabad,GJ,IN,Bronze,2025-05-26,25-34,True
53,Aarav,Singh,M,aarav.singh53@example.com,94362527245,Kochi,KL,IN,Silver,2025-06-05,45-54,True
54,Isha,Verma,F,isha.verma54@example.com,91892018274,Indore,MP,IN,Gold,2024-02-29,45-54,False
55,Diya,Singh,F,diya.singh55@example.com,98015297866,Nagpur,MH,IN,Silver,2024-12-25,18-24,True
56,Karthik,Kulkarni,M,karthik.kulkarni56@example.com,98718149296,Pune,MH,IN,Bronze,2025-03-30,25-34,True
57,Arjun,Khan,M,arjun.khan57@example.com,92257915698,Lucknow,UP,IN,Bronze,2024-04-06,18-24,True
58,Arjun,Verma,M,arjun.verma58@example.com,93947460079,Lucknow,UP,IN,Bronze,2024-08-31,35-44,True
59,Sneha,Reddy,F,sneha.reddy59@example.com,99247132174,Jaipur,RJ,IN,Bronze,2025-03-25,25-34,False
60,Ananya,Das,F,ananya.das60@example.com,98239526450,Hyderabad,TS,IN,Silver,2024-07-10,35-44,True
61,Diya,Khan,F,diya.khan61@example.com,92821641337,Indore,MP,IN,Silver,2024-10-20,18-24,True
62,Kunal,Gupta,M,kunal.gupta62@example.com,97531440653,Hyderabad,TS,IN,Bronze,2025-05-17,45-54,True
63,Meera,Kulkarni,F,meera.kulkarni63@example.com,98207957583,Bengaluru,KA,IN,Silver,2024-09-16,35-44,False
64,Vihaan,Das,M,vihaan.das64@example.com,96310683057,Nagpur,MH,IN,Bronze,2025-04-02,25-34,True
65,Diya,Verma,F,diya.verma65@example.com,96151874625,Lucknow,UP,IN,Bronze,2025-01-31,35-44,False
66,Arjun,Patel,M,arjun.patel66@example.com,96396340973,Surat,GJ,IN,Gold,2024-11-01,18-24,True
67,Vikram,Verma,M,vikram.verma67@example.com,96920769564,Mumbai,MH,IN,Bronze,2025-06-22,35-44,True
68,Neha,Verma,F,neha.verma68@example.com,97862789322,Nagpur,MH,IN,Bronze,2025-03-28,25-34,True
69,Rajat,Iyer,M,rajat.iyer69@example.com,92330050352,Pune,MH,IN,Gold,2024-11-20,25-34,False
70,Sneha,Gupta,F,sneha.gupta70@example.com,99425259880,Visakhapatnam,AP,IN,Silver,2024-09-12,25-34,True
71,Neha,Iyer,F,neha.iyer71@example.com,97459842123,Surat,GJ,IN,Platinum,2024-09-04,45-54,True
72,Suresh,Das,M,suresh.das72@example.com,96294321999,Indore,MP,IN,Silver,2024-03-10,18-24,True
73,Sneha,Das,F,sneha.das73@example.com,93658231227,Bengaluru,KA,IN,Bronze,2024-07-03,25-34,False
74,Meera,Gupta,F,meera.gupta74@example.com,91995295698,Bengaluru,KA,IN,Platinum,2024-09-15,45-54,True
75,Ananya,Reddy,F,ananya.reddy75@example.com,91957775786,Jaipur,RJ,IN,Platinum,2024-01-14,35-44,True
76,Sneha,Gupta,F,sneha.gupta76@example.com,91260995528,Jaipur,RJ,IN,Bronze,2025-01-23,18-24,False
77,Rohit,Reddy,M,rohit.reddy77@example.com,99195744043,Bengaluru,KA,IN,Silver,2025-06-15,18-24,True
78,Aanya,Gupta,F,aanya.gupta78@example.com,98213336296,Bengaluru,KA,IN,Bronze,2024-01-22,45-54,True
79,Aanya,Khan,F,aanya.khan79@example.com,99350158870,Bengaluru,KA,IN,Silver,2025-05-09,45-54,True
80,Karthik,Gupta,M,karthik.gupta80@example.com,92124313113,Chennai,TN,IN,Silver,2025-02-11,35-44,True
81,Riya,Gupta,F,riya.gupta81@example.com,92396916931,Kochi,KL,IN,Silver,2024-01-31,18-24,False
82,Isha,Kulkarni,F,isha.kulkarni82@example.com,96503892453,Jaipur,RJ,IN,Bronze,2024-04-22,25-34,True
83,Riya,Gupta,F,riya.gupta83@example.com,97386204565,Lucknow,UP,IN,Bronze,2024-08-04,18-24,False
84,Vikram,Iyer,M,vikram.iyer84@example.com,98056728534,Pune,MH,IN,Silver,2024-02-23,25-34,True
85,Diya,Sharma,F,diya.sharma85@example.com,93712083692,Surat,GJ,IN,Silver,2024-11-09,35-44,False
86,Rahul,Khan,M,rahul.khan86@example.com,95575174645,Kolkata,WB,IN,Bronze,2025-02-12,25-34,True
87,Rahul,Das,M,rahul.das87@example.com,93502679911,Nagpur,MH,IN,Bronze,2024-12-24,25-34,True
88,Aarav,Sharma,M,aarav.sharma88@example.com,94679047984,Hyderabad,TS,IN,Bronze,2024-09-06,25-34,True
89,Rahul,Khan,M,rahul.khan89@example.com,94765600396,Lucknow,UP,IN,Bronze,2024-03-27,25-34,True
90,Diya,Gupta,F,diya.gupta90@example.com,96831536339,Pune,MH,IN,Silver,2024-05-11,25-34,False
91,Rohit,Verma,M,rohit.verma91@example.com,94882763756,Ahmedabad,GJ,IN,Silver,2024-11-03,25-34,False
92,Isha,Iyer,F,isha.iyer92@example.com,99289514774,Mumbai,MH,IN,Silver,2024-07-29,25-34,False
93,Kunal,Das,M,kunal.das93@example.com,98536441260,Pune,MH,IN,Bronze,2024-01-25,18-24,False
94,Vihaan,Das,M,vihaan.das94@example.com,93525502924,Lucknow,UP,IN,Bronze,2024-03-08,18-24,True
95,Sneha,Sharma,F,sneha.sharma95@example.com,91132145592,Hyderabad,TS,IN,Gold,2025-02-16,25-34,True
96,Sneha,Reddy,F,sneha.reddy96@example.com,92077053002,Bengaluru,KA,IN,Bronze,2025-05-15,55+,False
97,Meera,Patel,F,meera.patel97@example.com,93798653588,Kolkata,WB,IN,Silver,2024-03-25,25-34,True
98,Vikram,Das,M,vikram.das98@example.com,92881518927,Pune,MH,IN,Silver,2025-02-15,18-24,True
99,Priya,Reddy,F,priya.reddy99@example.com,99902197023,Mumbai,MH,IN,Silver,2024-04-27,55+,True
100,Rahul,Reddy,M,rahul.reddy100@example.com,94533154442,Kolkata,WB,IN,Bronze,2025-05-05,35-44,True
101,Kunal,Das,M,kunal.das101@example.com,92356056764,Chennai,TN,IN,Bronze,2024-05-22,18-24,True
102,Rahul,Verma,M,rahul.verma102@example.com,95411777881,Surat,GJ,IN,Silver,2025-06-13,25-34,True
103,Vikram,Patel,M,vikram.patel103@example.com,98592295462,Pune,MH,IN,Silver,2024-11-20,35-44,False
104,Kunal,Gupta,M,kunal.gupta104@example.com,94299475464,Hyderabad,TS,IN,Silver,2025-01-14,25-34,False
105,Rajat,Verma,M,rajat.verma105@example.com,97917648304,Hyderabad,TS,IN,Gold,2024-08-04,45-54,True
106,Ananya,Reddy,F,ananya.reddy106@example.com,94065317159,Hyderabad,TS,IN,Bronze,2024-10-21,25-34,True
107,Rajat,Das,M,rajat.das107@example.com,99256039052,Kochi,KL,IN,Silver,2024-08-16,25-34,True
108,Karthik,Patel,M,karthik.patel108@example.com,99347144125,Hyderabad,TS,IN,Bronze,2024-04-13,25-34,True
109,Karthik,Sharma,M,karthik.sharma109@example.com,93502198959,Nagpur,MH,IN,Silver,2024-11-03,55+,True
110,Arjun,Sharma,M,arjun.sharma110@example.com,97852893067,Jaipur,RJ,IN,Gold,2025-01-05,35-44,False
111,Diya,Gupta,F,diya.gupta111@example.com,98801212943,Kolkata,WB,IN,Bronze,2024-10-23,25-34,True
112,Diya,Kulkarni,F,diya.kulkarni112@example.com,99728336049,Pune,MH,IN,Platinum,2025-03-03,25-34,False
113,Pooja,Kulkarni,F,pooja.kulkarni113@example.com,94118435751,Hyderabad,TS,IN,Bronze,2024-06-22,35-44,True
114,Pooja,Sharma,F,pooja.sharma114@example.com,95184761105,Kolkata,WB,IN,Platinum,2024-01-24,25-34,False
115,Rajat,Kulkarni,M,rajat.kulkarni115@example.com,95999155390,Kochi,KL,IN,Gold,2024-06-04,45-54,True
116,Suresh,Singh,M,suresh.singh116@example.com,91438286250,Pune,MH,IN,Bronze,2025-06-24,35-44,False
117,Ananya,Gupta,F,ananya.gupta117@example.com,98789108931,Chennai,TN,IN,Silver,2024-08-17,18-24,True
118,Priya,Patel,F,priya.patel118@example.com,98723127740,Surat,GJ,IN,Bronze,2025-04-12,25-34,False
119,Kunal,Das,M,kunal.das119@example.com,94612200017,New Delhi,DL,IN,Gold,2024-12-22,18-24,False
120,Vihaan,Reddy,M,vihaan.reddy120@example.com,98680102039,Ahmedabad,GJ,IN,Bronze,2025-01-27,25-34,True
121,Rajat,Kulkarni,M,rajat.kulkarni121@example.com,98979018058,Bengaluru,KA,IN,Bronze,2025-01-31,25-34,False
122,Diya,Verma,F,diya.verma122@example.com,99988690329,Pune,MH,IN,Bronze,2024-02-19,25-34,True
123,Sneha,Singh,F,sneha.singh123@example.com,99978220334,Mumbai,MH,IN,Silver,2025-03-05,25-34,False
124,Suresh,Sharma,M,suresh.sharma124@example.com,92209302219,Indore,MP,IN,Bronze,2024-12-13,18-24,True
125,Rohit,Khan,M,rohit.khan125@example.com,95079519248,Chennai,TN,IN,Silver,2025-05-29,25-34,False
126,Isha,Das,F,isha.das126@example.com,95867709731,Nagpur,MH,IN,Bronze,2024-07-19,45-54,True
127,Karthik,Singh,M,karthik.singh127@example.com,99181583328,Jaipur,RJ,IN,Silver,2025-07-28,25-34,False
128,Karthik,Reddy,M,karthik.reddy128@example.com,93172348554,Surat,GJ,IN,Bronze,2025-03-09,18-24,False
129,Karthik,Singh,M,karthik.singh129@example.com,96053404549,Indore,MP,IN,Silver,2024-12-07,25-34,True
130,Diya,Patel,F,diya.patel130@example.com,97071377292,Chennai,TN,IN,Gold,2025-04-02,45-54,False
131,Vihaan,Sharma,M,vihaan.sharma131@example.com,96059536603,Visakhapatnam,AP,IN,Bronze,2024-09-06,55+,True
132,Karthik,Patel,M,karthik.patel132@example.com,91322584762,Chennai,TN,IN,Platinum,2025-01-16,18-24,True
133,Kunal,Kulkarni,M,kunal.kulkarni133@example.com,91589773905,Pune,MH,IN,Bronze,2024-06-03,25-34,True
134,Suresh,Gupta,M,suresh.gupta134@example.com,94460539401,Surat,GJ,IN,Bronze,2024-10-28,35-44,True
135,Kunal,Verma,M,kunal.verma135@example.com,94547131994,Ahmedabad,GJ,IN,Bronze,2024-03-29,18-24,False
136,Kunal,Reddy,M,kunal.reddy136@example.com,95573506201,Bengaluru,KA,IN,Bronze,2024-01-01,25-34,True
137,Priya,Singh,F,priya.singh137@example.com,98570833355,Hyderabad,TS,IN,Bronze,2024-05-13,18-24,True
138,Aanya,Khan,F,aanya.khan138@example.com,93054275878,Lucknow,UP,IN,Bronze,2024-07-07,45-54,True
139,Arjun,Singh,M,arjun.singh139@example.com,97404022373,Mumbai,MH,IN,Bronze,2024-12-18,18-24,False
140,Vikram,Verma,M,vikram.verma140@example.com,92694897773,Visakhapatnam,AP,IN,Bronze,2024-01-28,18-24,True
141,Rahul,Verma,M,rahul.verma141@example.com,96122908453,Hyderabad,TS,IN,Silver,2025-02-05,18-24,False
142,Diya,Sharma,F,diya.sharma142@example.com,92464691374,Indore,MP,IN,Silver,2025-05-11,45-54,True
143,Isha,Verma,F,isha.verma143@example.com,95090116872,Hyderabad,TS,IN,Silver,2025-06-15,25-34,False
144,Suresh,Kulkarni,M,suresh.kulkarni144@example.com,98192921699,Kochi,KL,IN,Silver,2025-07-29,18-24,True
145,Arjun,Iyer,M,arjun.iyer145@example.com,91702975537,Mumbai,MH,IN,Bronze,2025-03-05,18-24,True
146,Aanya,Singh,F,aanya.singh146@example.com,97372821120,New Delhi,DL,IN,Silver,2024-07-21,25-34,False
147,Aanya,Khan,F,aanya.khan147@example.com,92134237075,Pune,MH,IN,Bronze,2025-01-26,18-24,True
148,Meera,Sharma,F,meera.sharma148@example.com,91036068442,New Delhi,DL,IN,Bronze,2025-02-08,55+,True
149,Karthik,Iyer,M,karthik.iyer149@example.com,99075719796,Jaipur,RJ,IN,Gold,2024-08-30,35-44,True
150,Arjun,Gupta,M,arjun.gupta150@example.com,96351108479,Nagpur,MH,IN,Bronze,2024-11-09,35-44,False
151,Arjun,Patel,M,arjun.patel151@example.com,96361423971,Indore,MP,IN,Bronze,2025-05-09,18-24,True
152,Priya,Reddy,F,priya.reddy152@example.com,94565498500,Mumbai,MH,IN,Silver,2025-05-25,35-44,True
153,Ananya,Iyer,F,ananya.iyer153@example.com,99850753682,Lucknow,UP,IN,Bronze,2025-06-23,18-24,False
154,Rohit,Singh,M,rohit.singh154@example.com,94671652872,Mumbai,MH,IN,Bronze,2024-10-27,45-54,True
155,Diya,Iyer,F,diya.iyer155@example.com,92344367407,Nagpur,MH,IN,Platinum,2024-06-03,18-24,False
156,Aanya,Das,F,aanya.das156@example.com,92909326667,Pune,MH,IN,Bronze,2024-04-14,35-44,False
157,Rohit,Das,M,rohit.das157@example.com,95653175381,New Delhi,DL,IN,Silver,2025-01-16,35-44,True
158,Kunal,Gupta,M,kunal.gupta158@example.com,99135759616,Pune,MH,IN,Gold,2025-03-02,35-44,True
159,Aarav,Gupta,M,aarav.gupta159@example.com,97692403285,Kolkata,WB,IN,Bronze,2024-05-02,25-34,False
160,Ananya,Singh,F,ananya.singh160@example.com,94551668992,Nagpur,MH,IN,Bronze,2025-07-25,25-34,True
161,Vihaan,Singh,M,vihaan.singh161@example.com,96415972802,New Delhi,DL,IN,Gold,2024-10-21,18-24,True
162,Karthik,Iyer,M,karthik.iyer162@example.com,92179978237,Surat,GJ,IN,Bronze,2024-09-30,35-44,True
163,Sneha,Khan,F,sneha.khan163@example.com,93192370707,Hyderabad,TS,IN,Bronze,2024-10-03,45-54,True
164,Vihaan,Singh,M,vihaan.singh164@example.com,92671895213,Mumbai,MH,IN,Silver,2025-03-16,25-34,True
165,Rajat,Singh,M,rajat.singh165@example.com,95333422062,Hyderabad,TS,IN,Platinum,2024-05-22,25-34,True
166,Vihaan,Kulkarni,M,vihaan.kulkarni166@example.com,93652965545,Kolkata,WB,IN,Silver,2025-01-16,45-54,False
167,Ananya,Khan,F,ananya.khan167@example.com,99841300146,Kolkata,WB,IN,Platinum,2024-12-09,18-24,True
168,Pooja,Verma,F,pooja.verma168@example.com,91872800998,Bengaluru,KA,IN,Gold,2024-02-11,25-34,True
169,Rahul,Kulkarni,M,rahul.kulkarni169@example.com,93279299269,Pune,MH,IN,Bronze,2024-03-03,25-34,False
170,Kunal,Reddy,M,kunal.reddy170@example.com,94341273733,Visakhapatnam,AP,IN,Bronze,2025-05-12,35-44,False
171,Rahul,Reddy,M,rahul.reddy171@example.com,99473849709,Kochi,KL,IN,Bronze,2024-05-16,18-24,True
172,Sneha,Gupta,F,sneha.gupta172@example.com,92615428650,New Delhi,DL,IN,Bronze,2025-06-07,25-34,True
173,Priya,Sharma,F,priya.sharma173@example.com,98662011843,Surat,GJ,IN,Gold,2025-03-12,25-34,True
174,Suresh,Kulkarni,M,suresh.kulkarni174@example.com,92451286565,New Delhi,DL,IN,Gold,2024-07-17,45-54,False
175,Vihaan,Singh,M,vihaan.singh175@example.com,95415471239,Kochi,KL,IN,Silver,2024-08-17,25-34,True
176,Kunal,Iyer,M,kunal.iyer176@example.com,99570247441,New Delhi,DL,IN,Bronze,2024-11-09,55+,True
177,Priya,Singh,F,priya.singh177@example.com,92869455279,Kochi,KL,IN,Bronze,2025-05-25,18-24,False
178,Arjun,Gupta,M,arjun.gupta178@example.com,96473162906,Kolkata,WB,IN,Bronze,2024-01-18,25-34,True
179,Rahul,Patel,M,rahul.patel179@example.com,99897435085,Jaipur,RJ,IN,Gold,2025-04-22,25-34,True
180,Pooja,Singh,F,pooja.singh180@example.com,94072483606,Kolkata,WB,IN,Bronze,2025-03-09,25-34,False
181,Sneha,Reddy,F,sneha.reddy181@example.com,97757547261,Chennai,TN,IN,Silver,2025-04-28,45-54,True
182,Neha,Gupta,F,neha.gupta182@example.com,91020778953,Kolkata,WB,IN,Platinum,2024-05-03,25-34,True
183,Rajat,Kulkarni,M,rajat.kulkarni183@example.com,92161270514,Surat,GJ,IN,Bronze,2025-04-04,25-34,False
184,Suresh,Das,M,suresh.das184@example.com,97535621154,Ahmedabad,GJ,IN,Bronze,2025-01-04,35-44,True
185,Vikram,Gupta,M,vikram.gupta185@example.com,99550549850,Kochi,KL,IN,Bronze,2024-11-20,35-44,False
186,Vikram,Patel,M,vikram.patel186@example.com,95046694195,Surat,GJ,IN,Gold,2024-04-13,35-44,False
187,Vihaan,Singh,M,vihaan.singh187@example.com,96939961468,Kochi,KL,IN,Bronze,2024-07-29,25-34,False
188,Rajat,Khan,M,rajat.khan188@example.com,96056370370,Bengaluru,KA,IN,Silver,2025-07-07,25-34,False
189,Rohit,Singh,M,rohit.singh189@example.com,96823646182,Pune,MH,IN,Bronze,2025-02-10,25-34,True
190,Rohit,Patel,M,rohit.patel190@example.com,97007409307,Hyderabad,TS,IN,Silver,2024-08-26,35-44,True
191,Aarav,Gupta,M,aarav.gupta191@example.com,92780288625,Ahmedabad,GJ,IN,Silver,2025-07-02,18-24,False
192,Rajat,Sharma,M,rajat.sharma192@example.com,93476372730,Ahmedabad,GJ,IN,Bronze,2025-05-17,25-34,False
193,Priya,Kulkarni,F,priya.kulkarni193@example.com,92822701671,Pune,MH,IN,Silver,2024-11-14,55+,True
194,Rahul,Das,M,rahul.das194@example.com,96629303411,Kolkata,WB,IN,Bronze,2025-02-13,55+,True
195,Meera,Patel,F,meera.patel195@example.com,91209048241,Surat,GJ,IN,Bronze,2025-02-13,25-34,True
196,Aanya,Sharma,F,aanya.sharma196@example.com,98685859384,Lucknow,UP,IN,Bronze,2025-05-26,25-34,True
197,Priya,Gupta,F,priya.gupta197@example.com,94007001402,Mumbai,MH,IN,Bronze,2024-08-23,45-54,False
198,Sneha,Das,F,sneha.das198@example.com,97704923731,Hyderabad,TS,IN,Silver,2025-06-17,35-44,True
199,Karthik,Gupta,M,karthik.gupta199@example.com,93162036485,Indore,MP,IN,Silver,2025-01-05,18-24,True
200,Vihaan,Das,M,vihaan.das200@example.com,92969709478,Mumbai,MH,IN,Gold,2024-06-17,45-54,True
201,Vikram,Verma,M,vikram.verma201@example.com,94025169716,Kochi,KL,IN,Silver,2024-03-19,18-24,False
202,Rajat,Khan,M,rajat.khan202@example.com,94510563311,Lucknow,UP,IN,Platinum,2025-05-05,18-24,True
203,Vikram,Kulkarni,M,vikram.kulkarni203@example.com,96577016733,Nagpur,MH,IN,Gold,2024-06-18,18-24,True
204,Sneha,Iyer,F,sneha.iyer204@example.com,93435689370,Nagpur,MH,IN,Gold,2025-07-26,35-44,True
205,Sneha,Das,F,sneha.das205@example.com,92587207419,Indore,MP,IN,Bronze,2024-10-22,25-34,False
206,Isha,Das,F,isha.das206@example.com,99928378048,Ahmedabad,GJ,IN,Platinum,2024-11-18,25-34,True
207,Neha,Gupta,F,neha.gupta207@example.com,99789976702,Nagpur,MH,IN,Bronze,2024-06-22,25-34,True
208,Neha,Verma,F,neha.verma208@example.com,94180039255,Ahmedabad,GJ,IN,Silver,2024-09-26,45-54,False
209,Rohit,Singh,M,rohit.singh209@example.com,93893911139,Ahmedabad,GJ,IN,Silver,2025-02-21,25-34,False
210,Vihaan,Singh,M,vihaan.singh210@example.com,98911619016,Pune,MH,IN,Bronze,2025-04-13,18-24,True
211,Kunal,Khan,M,kunal.khan211@example.com,91475263912,New Delhi,DL,IN,Bronze,2024-02-20,35-44,True
212,Sneha,Sharma,F,sneha.sharma212@example.com,98408145855,Mumbai,MH,IN,Bronze,2024-09-11,18-24,False
213,Isha,Gupta,F,isha.gupta213@example.com,95850475895,Kolkata,WB,IN,Gold,2024-01-26,25-34,False
214,Arjun,Gupta,M,arjun.gupta214@example.com,97770960229,Bengaluru,KA,IN,Silver,2024-02-24,35-44,True
215,Rahul,Iyer,M,rahul.iyer215@example.com,92972702948,New Delhi,DL,IN,Bronze,2025-01-13,18-24,True
216,Karthik,Das,M,karthik.das216@example.com,92578118602,Kolkata,WB,IN,Gold,2025-03-14,25-34,False
217,Aarav,Gupta,M,aarav.gupta217@example.com,96881858430,Nagpur,MH,IN,Bronze,2025-06-20,45-54,False
218,Priya,Iyer,F,priya.iyer218@example.com,92730706111,Indore,MP,IN,Bronze,2024-08-17,35-44,True
219,Pooja,Reddy,F,pooja.reddy219@example.com,96097785856,Nagpur,MH,IN,Silver,2024-08-12,35-44,True
220,Rajat,Iyer,M,rajat.iyer220@example.com,96414026071,Ahmedabad,GJ,IN,Bronze,2025-04-28,18-24,True
221,Aanya,Khan,F,aanya.khan221@example.com,98439503361,Chennai,TN,IN,Silver,2024-04-02,18-24,True
222,Rahul,Iyer,M,rahul.iyer222@example.com,96076856232,Kochi,KL,IN,Silver,2024-08-13,18-24,True
223,Karthik,Kulkarni,M,karthik.kulkarni223@example.com,99050603478,Indore,MP,IN,Silver,2025-03-30,45-54,True
224,Rohit,Das,M,rohit.das224@example.com,99419877493,Pune,MH,IN,Bronze,2024-04-10,18-24,True
225,Kunal,Iyer,M,kunal.iyer225@example.com,97115743082,Ahmedabad,GJ,IN,Bronze,2025-06-05,18-24,True
226,Aarav,Iyer,M,aarav.iyer226@example.com,92212228224,New Delhi,DL,IN,Gold,2024-02-27,25-34,True
227,Rahul,Patel,M,rahul.patel227@example.com,94216326611,Nagpur,MH,IN,Bronze,2025-06-26,18-24,False
228,Riya,Patel,F,riya.patel228@example.com,91898479514,Jaipur,RJ,IN,Bronze,2024-12-22,18-24,True
229,Karthik,Reddy,M,karthik.reddy229@example.com,98671440860,Indore,MP,IN,Silver,2024-03-01,25-34,False
230,Rahul,Kulkarni,M,rahul.kulkarni230@example.com,94611384677,Jaipur,RJ,IN,Bronze,2025-04-23,55+,True
231,Aanya,Sharma,F,aanya.sharma231@example.com,92533070742,Surat,GJ,IN,Platinum,2024-07-09,25-34,False
232,Rahul,Patel,M,rahul.patel232@example.com,94577725220,Nagpur,MH,IN,Silver,2024-10-18,18-24,True
233,Vikram,Patel,M,vikram.patel233@example.com,91929551311,Hyderabad,TS,IN,Gold,2024-01-19,25-34,True
234,Kunal,Iyer,M,kunal.iyer234@example.com,96698342638,New Delhi,DL,IN,Gold,2024-12-10,45-54,True
235,Rohit,Das,M,rohit.das235@example.com,95059418501,New Delhi,DL,IN,Silver,2024-08-12,35-44,True
236,Suresh,Iyer,M,suresh.iyer236@example.com,94111577251,Chennai,TN,IN,Bronze,2024-09-26,18-24,True
237,Priya,Singh,F,priya.singh237@example.com,94501870403,Nagpur,MH,IN,Bronze,2025-03-31,35-44,True
238,Diya,Das,F,diya.das238@example.com,99347543735,Hyderabad,TS,IN,Silver,2024-11-24,35-44,True
239,Sneha,Reddy,F,sneha.reddy239@example.com,94532362607,New Delhi,DL,IN,Gold,2025-06-22,18-24,True
240,Meera,Sharma,F,meera.sharma240@example.com,96064012123,Lucknow,UP,IN,Bronze,2024-12-04,35-44,False
241,Aarav,Reddy,M,aarav.reddy241@example.com,95191816962,Pune,MH,IN,Bronze,2024-11-27,25-34,False
242,Rohit,Reddy,M,rohit.reddy242@example.com,96085701195,Jaipur,RJ,IN,Bronze,2025-04-04,18-24,False
243,Arjun,Gupta,M,arjun.gupta243@example.com,95828391313,Mumbai,MH,IN,Platinum,2024-02-14,45-54,True
244,Riya,Sharma,F,riya.sharma244@example.com,98903326821,Jaipur,RJ,IN,Bronze,2025-07-16,18-24,False
245,Rohit,Das,M,rohit.das245@example.com,96079534122,Visakhapatnam,AP,IN,Platinum,2025-03-01,25-34,True
246,Kunal,Khan,M,kunal.khan246@example.com,92065591748,Mumbai,MH,IN,Silver,2024-12-20,45-54,True
247,Rajat,Kulkarni,M,rajat.kulkarni247@example.com,98869008306,Visakhapatnam,AP,IN,Bronze,2025-07-02,25-34,False
248,Vihaan,Patel,M,vihaan.patel248@example.com,97014976666,Chennai,TN,IN,Bronze,2024-10-30,25-34,True
249,Vihaan,Kulkarni,M,vihaan.kulkarni249@example.com,95700258045,Hyderabad,TS,IN,Bronze,2024-09-18,18-24,True
250,Kunal,Kulkarni,M,kunal.kulkarni250@example.com,99525878160,Surat,GJ,IN,Bronze,2024-03-22,35-44,False
251,Rahul,Iyer,M,rahul.iyer251@example.com,96865025210,Visakhapatnam,AP,IN,Gold,2025-05-31,25-34,True
252,Rohit,Sharma,M,rohit.sharma252@example.com,95811406761,Jaipur,RJ,IN,Platinum,2025-01-05,55+,True
253,Meera,Sharma,F,meera.sharma253@example.com,93715883799,Visakhapatnam,AP,IN,Gold,2024-08-15,45-54,False
254,Kunal,Kulkarni,M,kunal.kulkarni254@example.com,91538419035,Lucknow,UP,IN,Gold,2024-01-27,18-24,True
255,Diya,Kulkarni,F,diya.kulkarni255@example.com,96107033021,Lucknow,UP,IN,Bronze,2025-04-08,18-24,False
256,Aarav,Khan,M,aarav.khan256@example.com,92704271424,Kochi,KL,IN,Bronze,2024-09-16,55+,True
257,Priya,Khan,F,priya.khan257@example.com,97370595048,Bengaluru,KA,IN,Gold,2024-03-15,45-54,False
258,Karthik,Khan,M,karthik.khan258@example.com,98162097085,Hyderabad,TS,IN,Silver,2025-07-23,25-34,False
259,Priya,Das,F,priya.das259@example.com,97343544906,Bengaluru,KA,IN,Bronze,2024-09-23,25-34,True
260,Rahul,Khan,M,rahul.khan260@example.com,91807779117,Surat,GJ,IN,Bronze,2024-09-23,35-44,True
261,Riya,Patel,F,riya.patel261@example.com,96509989076,Kolkata,WB,IN,Bronze,2024-07-03,18-24,False
262,Arjun,Verma,M,arjun.verma262@example.com,95641801086,Surat,GJ,IN,Gold,2024-04-01,55+,True
263,Kunal,Kulkarni,M,kunal.kulkarni263@example.com,92382416492,Lucknow,UP,IN,Bronze,2024-03-27,25-34,False
264,Karthik,Das,M,karthik.das264@example.com,96633906009,Ahmedabad,GJ,IN,Bronze,2024-04-23,35-44,True
265,Priya,Kulkarni,F,priya.kulkarni265@example.com,99539587962,Chennai,TN,IN,Bronze,2024-03-06,18-24,True
266,Ananya,Gupta,F,ananya.gupta266@example.com,94404788400,Nagpur,MH,IN,Silver,2024-02-22,25-34,True
267,Vihaan,Singh,M,vihaan.singh267@example.com,96878726964,Indore,MP,IN,Silver,2024-04-04,18-24,False
268,Vikram,Gupta,M,vikram.gupta268@example.com,99430027225,Lucknow,UP,IN,Bronze,2024-09-10,18-24,True
269,Vikram,Kulkarni,M,vikram.kulkarni269@example.com,95573736232,Jaipur,RJ,IN,Bronze,2024-06-10,25-34,True
270,Rahul,Khan,M,rahul.khan270@example.com,91601431792,Hyderabad,TS,IN,Silver,2025-08-03,18-24,True
271,Vikram,Khan,M,vikram.khan271@example.com,99832483910,Mumbai,MH,IN,Bronze,2024-10-15,25-34,True
272,Riya,Gupta,F,riya.gupta272@example.com,96833653566,New Delhi,DL,IN,Silver,2025-06-07,25-34,True
273,Neha,Khan,F,neha.khan273@example.com,96679588985,Chennai,TN,IN,Bronze,2024-09-11,35-44,False
274,Rajat,Singh,M,rajat.singh274@example.com,94825735907,Kochi,KL,IN,Gold,2025-01-21,25-34,False
275,Aarav,Verma,M,aarav.verma275@example.com,92939456276,Pune,MH,IN,Silver,2024-07-23,18-24,True
276,Diya,Gupta,F,diya.gupta276@example.com,99052190980,Visakhapatnam,AP,IN,Bronze,2024-03-17,18-24,False
277,Rahul,Das,M,rahul.das277@example.com,92779002840,Kochi,KL,IN,Bronze,2024-07-10,45-54,False
278,Meera,Das,F,meera.das278@example.com,92576625110,Surat,GJ,IN,Bronze,2024-11-05,25-34,True
279,Vikram,Das,M,vikram.das279@example.com,93774998835,Lucknow,UP,IN,Bronze,2025-02-16,35-44,True
280,Aarav,Sharma,M,aarav.sharma280@example.com,98039900756,Chennai,TN,IN,Silver,2024-11-17,35-44,True
281,Meera,Iyer,F,meera.iyer281@example.com,93166777640,Visakhapatnam,AP,IN,Bronze,2024-04-16,25-34,True
282,Rohit,Singh,M,rohit.singh282@example.com,97766026382,Surat,GJ,IN,Bronze,2024-04-12,18-24,True
283,Rajat,Khan,M,rajat.khan283@example.com,93726681659,Ahmedabad,GJ,IN,Bronze,2025-06-10,35-44,False
284,Karthik,Verma,M,karthik.verma284@example.com,96786985809,New Delhi,DL,IN,Gold,2024-05-17,55+,True
285,Priya,Verma,F,priya.verma285@example.com,99177474218,New Delhi,DL,IN,Silver,2024-07-28,18-24,True
286,Suresh,Das,M,suresh.das286@example.com,95448830801,Chennai,TN,IN,Bronze,2024-09-26,25-34,True
287,Neha,Singh,F,neha.singh287@example.com,91977913929,Pune,MH,IN,Bronze,2024-04-24,45-54,False
288,Diya,Gupta,F,diya.gupta288@example.com,99009091062,New Delhi,DL,IN,Bronze,2025-04-08,25-34,True
289,Diya,Verma,F,diya.verma289@example.com,99449248186,Lucknow,UP,IN,Bronze,2025-08-03,25-34,True
290,Arjun,Gupta,M,arjun.gupta290@example.com,91521508100,Pune,MH,IN,Gold,2024-11-21,25-34,False
291,Riya,Singh,F,riya.singh291@example.com,92727290452,Visakhapatnam,AP,IN,Bronze,2024-05-11,18-24,False
292,Rajat,Verma,M,rajat.verma292@example.com,97099377529,Jaipur,RJ,IN,Gold,2025-04-19,18-24,True
293,Neha,Sharma,F,neha.sharma293@example.com,93381378447,Nagpur,MH,IN,Bronze,2025-07-29,18-24,False
294,Meera,Singh,F,meera.singh294@example.com,94404862127,Pune,MH,IN,Gold,2024-09-09,18-24,True
295,Ananya,Patel,F,ananya.patel295@example.com,99946699951,Chennai,TN,IN,Bronze,2024-05-01,25-34,False
296,Aarav,Verma,M,aarav.verma296@example.com,94557111883,Mumbai,MH,IN,Silver,2024-05-01,25-34,True
297,Kunal,Reddy,M,kunal.reddy297@example.com,94690439081,Hyderabad,TS,IN,Bronze,2025-03-08,35-44,False
298,Sneha,Singh,F,sneha.singh298@example.com,94706590962,Visakhapatnam,AP,IN,Bronze,2025-05-18,45-54,True
299,Isha,Das,F,isha.das299@example.com,97791158243,Bengaluru,KA,IN,Bronze,2024-08-29,18-24,True
300,Aarav,Kulkarni,M,aarav.kulkarni300@example.com,93604867367,Chennai,TN,IN,Silver,2024-09-30,45-54,False
301,Vikram,Das,M,vikram.das301@example.com,93467209542,Ahmedabad,GJ,IN,Bronze,2024-06-09,55+,True
302,Suresh,Patel,M,suresh.patel302@example.com,98620039453,Hyderabad,TS,IN,Bronze,2024-03-19,18-24,True
303,Neha,Das,F,neha.das303@example.com,98046147466,Bengaluru,KA,IN,Bronze,2024-08-17,45-54,False
304,Vihaan,Iyer,M,vihaan.iyer304@example.com,91454823897,Ahmedabad,GJ,IN,Gold,2025-06-19,25-34,True
305,Diya,Kulkarni,F,diya.kulkarni305@example.com,92154639326,Surat,GJ,IN,Silver,2024-04-02,35-44,True
306,Aanya,Patel,F,aanya.patel306@example.com,95747118670,Mumbai,MH,IN,Silver,2025-07-02,45-54,False
307,Rajat,Singh,M,rajat.singh307@example.com,92060595108,Bengaluru,KA,IN,Bronze,2024-06-29,25-34,True
308,Rohit,Sharma,M,rohit.sharma308@example.com,98082022432,Kochi,KL,IN,Gold,2024-10-20,18-24,False
309,Priya,Kulkarni,F,priya.kulkarni309@example.com,95707814492,Jaipur,RJ,IN,Bronze,2024-07-15,55+,False
310,Pooja,Gupta,F,pooja.gupta310@example.com,99857667383,Lucknow,UP,IN,Bronze,2025-04-09,35-44,True
311,Sneha,Iyer,F,sneha.iyer311@example.com,91844270415,Ahmedabad,GJ,IN,Bronze,2024-12-25,25-34,False
312,Vikram,Singh,M,vikram.singh312@example.com,99819806858,Nagpur,MH,IN,Gold,2025-05-26,25-34,False
313,Rajat,Iyer,M,rajat.iyer313@example.com,96457265561,Chennai,TN,IN,Silver,2025-06-29,18-24,True
314,Pooja,Kulkarni,F,pooja.kulkarni314@example.com,96071709132,Hyderabad,TS,IN,Bronze,2025-04-29,18-24,True
315,Pooja,Sharma,F,pooja.sharma315@example.com,91278035533,Lucknow,UP,IN,Bronze,2024-08-31,18-24,False
316,Rohit,Gupta,M,rohit.gupta316@example.com,98799479488,Chennai,TN,IN,Silver,2025-07-05,45-54,True
317,Vihaan,Patel,M,vihaan.patel317@example.com,98013429491,Pune,MH,IN,Bronze,2025-04-09,18-24,False
318,Isha,Verma,F,isha.verma318@example.com,96720043185,Bengaluru,KA,IN,Silver,2024-05-14,25-34,True
319,Arjun,Reddy,M,arjun.reddy319@example.com,96763952908,Kolkata,WB,IN,Bronze,2024-01-11,35-44,True
320,Riya,Kulkarni,F,riya.kulkarni320@example.com,92269245699,Ahmedabad,GJ,IN,Platinum,2025-06-02,45-54,False
321,Kunal,Reddy,M,kunal.reddy321@example.com,92522212366,Pune,MH,IN,Bronze,2024-03-18,18-24,True
322,Neha,Singh,F,neha.singh322@example.com,91666519150,Visakhapatnam,AP,IN,Bronze,2024-02-22,45-54,True
323,Riya,Sharma,F,riya.sharma323@example.com,96678208069,Surat,GJ,IN,Gold,2024-06-28,25-34,False
324,Rohit,Singh,M,rohit.singh324@example.com,94114574405,Lucknow,UP,IN,Bronze,2025-01-07,18-24,False
325,Rajat,Gupta,M,rajat.gupta325@example.com,92381783916,Kolkata,WB,IN,Bronze,2025-04-11,25-34,False
326,Diya,Verma,F,diya.verma326@example.com,91699702002,Pune,MH,IN,Silver,2025-05-06,25-34,True
327,Isha,Singh,F,isha.singh327@example.com,99188169603,Nagpur,MH,IN,Bronze,2025-07-29,25-34,True
328,Isha,Sharma,F,isha.sharma328@example.com,96493018498,Hyderabad,TS,IN,Silver,2024-11-28,18-24,False
329,Isha,Singh,F,isha.singh329@example.com,97143293099,Jaipur,RJ,IN,Bronze,2025-03-14,25-34,True
330,Rajat,Singh,M,rajat.singh330@example.com,94968663685,Ahmedabad,GJ,IN,Silver,2024-09-17,18-24,False
331,Vihaan,Das,M,vihaan.das331@example.com,97843795165,Visakhapatnam,AP,IN,Bronze,2024-11-11,25-34,False
332,Kunal,Iyer,M,kunal.iyer332@example.com,95757917842,Chennai,TN,IN,Silver,2024-10-18,35-44,True
333,Karthik,Verma,M,karthik.verma333@example.com,95334324302,Ahmedabad,GJ,IN,Gold,2024-07-14,25-34,False
334,Vikram,Sharma,M,vikram.sharma334@example.com,92627959872,Jaipur,RJ,IN,Bronze,2024-10-15,18-24,True
335,Aarav,Iyer,M,aarav.iyer335@example.com,97923183230,Visakhapatnam,AP,IN,Silver,2025-02-18,25-34,True
336,Ananya,Kulkarni,F,ananya.kulkarni336@example.com,92506284996,Chennai,TN,IN,Silver,2024-01-19,25-34,True
337,Aarav,Sharma,M,aarav.sharma337@example.com,97836787469,Pune,MH,IN,Bronze,2024-05-25,25-34,False
338,Pooja,Kulkarni,F,pooja.kulkarni338@example.com,99989457497,Hyderabad,TS,IN,Bronze,2025-06-12,25-34,True
339,Kunal,Kulkarni,M,kunal.kulkarni339@example.com,96242002673,Hyderabad,TS,IN,Platinum,2024-01-06,25-34,True
340,Isha,Das,F,isha.das340@example.com,99396401125,Kochi,KL,IN,Bronze,2025-08-01,25-34,False
341,Vikram,Singh,M,vikram.singh341@example.com,94958281381,Mumbai,MH,IN,Platinum,2024-09-19,45-54,False
342,Rajat,Iyer,M,rajat.iyer342@example.com,93887650666,Surat,GJ,IN,Silver,2025-07-29,25-34,True
343,Riya,Sharma,F,riya.sharma343@example.com,94674907203,Ahmedabad,GJ,IN,Silver,2025-04-16,25-34,True
344,Suresh,Iyer,M,suresh.iyer344@example.com,98654687909,New Delhi,DL,IN,Bronze,2024-07-13,18-24,False
345,Ananya,Sharma,F,ananya.sharma345@example.com,91190404102,Nagpur,MH,IN,Bronze,2024-03-06,35-44,True
346,Arjun,Khan,M,arjun.khan346@example.com,91494414902,Kolkata,WB,IN,Silver,2024-04-13,18-24,False
347,Vikram,Singh,M,vikram.singh347@example.com,96459097016,Surat,GJ,IN,Bronze,2025-01-29,18-24,False
348,Priya,Verma,F,priya.verma348@example.com,91099150006,Hyderabad,TS,IN,Bronze,2024-09-15,45-54,True
349,Vikram,Sharma,M,vikram.sharma349@example.com,92825114073,New Delhi,DL,IN,Silver,2024-03-23,25-34,False
350,Kunal,Khan,M,kunal.khan350@example.com,93702447208,Bengaluru,KA,IN,Bronze,2025-02-27,25-34,True
351,Rahul,Verma,M,rahul.verma351@example.com,94169912441,Nagpur,MH,IN,Silver,2024-07-28,25-34,True
352,Aanya,Verma,F,aanya.verma352@example.com,97989835922,Ahmedabad,GJ,IN,Gold,2024-01-11,35-44,True
353,Rahul,Reddy,M,rahul.reddy353@example.com,96430653616,Pune,MH,IN,Bronze,2024-04-14,18-24,True
354,Karthik,Khan,M,karthik.khan354@example.com,92590002831,Jaipur,RJ,IN,Gold,2024-01-25,45-54,True
355,Riya,Das,F,riya.das355@example.com,91160748632,Lucknow,UP,IN,Gold,2024-10-29,18-24,False
356,Aanya,Gupta,F,aanya.gupta356@example.com,99153119968,Chennai,TN,IN,Platinum,2025-07-09,25-34,True
357,Sneha,Patel,F,sneha.patel357@example.com,96524454301,Indore,MP,IN,Silver,2024-10-07,25-34,True
358,Neha,Das,F,neha.das358@example.com,91675155766,Indore,MP,IN,Silver,2024-08-31,45-54,True
359,Vikram,Sharma,M,vikram.sharma359@example.com,93809928455,Hyderabad,TS,IN,Platinum,2024-03-17,25-34,True
360,Rajat,Gupta,M,rajat.gupta360@example.com,95175300574,Visakhapatnam,AP,IN,Gold,2025-03-04,35-44,True
361,Isha,Singh,F,isha.singh361@example.com,94403804706,Kochi,KL,IN,Gold,2025-04-03,25-34,False
362,Aarav,Verma,M,aarav.verma362@example.com,97236339314,Kolkata,WB,IN,Platinum,2024-05-21,18-24,True
363,Diya,Gupta,F,diya.gupta363@example.com,94057623529,Nagpur,MH,IN,Bronze,2024-08-30,35-44,True
364,Vihaan,Das,M,vihaan.das364@example.com,98611294604,Bengaluru,KA,IN,Silver,2024-10-04,45-54,True
365,Isha,Das,F,isha.das365@example.com,96857151306,Indore,MP,IN,Bronze,2024-07-25,25-34,True
366,Kunal,Verma,M,kunal.verma366@example.com,97187805415,Visakhapatnam,AP,IN,Bronze,2025-05-31,25-34,True
367,Kunal,Iyer,M,kunal.iyer367@example.com,94729183947,Nagpur,MH,IN,Silver,2024-06-06,18-24,True
368,Vikram,Das,M,vikram.das368@example.com,96862014988,Pune,MH,IN,Bronze,2024-06-12,18-24,True
369,Vikram,Verma,M,vikram.verma369@example.com,94546647767,Mumbai,MH,IN,Gold,2024-01-04,25-34,True
370,Rahul,Gupta,M,rahul.gupta370@example.com,95636200391,Indore,MP,IN,Bronze,2024-08-08,25-34,True
371,Pooja,Verma,F,pooja.verma371@example.com,99481638256,Visakhapatnam,AP,IN,Bronze,2025-07-26,35-44,True
372,Isha,Sharma,F,isha.sharma372@example.com,96691195456,Chennai,TN,IN,Gold,2024-12-17,55+,True
373,Rahul,Khan,M,rahul.khan373@example.com,95922890087,Indore,MP,IN,Bronze,2025-04-08,55+,True
374,Karthik,Singh,M,karthik.singh374@example.com,98583891594,Nagpur,MH,IN,Bronze,2024-07-15,25-34,False
375,Aarav,Singh,M,aarav.singh375@example.com,92178291809,Visakhapatnam,AP,IN,Bronze,2025-02-27,18-24,True
376,Kunal,Kulkarni,M,kunal.kulkarni376@example.com,94812896084,Jaipur,RJ,IN,Gold,2025-07-06,25-34,False
377,Vikram,Patel,M,vikram.patel377@example.com,95540907156,Ahmedabad,GJ,IN,Gold,2024-04-05,18-24,False
378,Karthik,Das,M,karthik.das378@example.com,95776509619,New Delhi,DL,IN,Platinum,2024-09-18,18-24,True
379,Suresh,Verma,M,suresh.verma379@example.com,94526539388,Lucknow,UP,IN,Bronze,2025-02-21,18-24,False
380,Karthik,Iyer,M,karthik.iyer380@example.com,94196960506,Ahmedabad,GJ,IN,Bronze,2025-02-01,35-44,True
381,Suresh,Gupta,M,suresh.gupta381@example.com,98673604470,Visakhapatnam,AP,IN,Silver,2024-06-04,45-54,True
382,Rohit,Kulkarni,M,rohit.kulkarni382@example.com,95451402015,Kolkata,WB,IN,Bronze,2024-05-04,18-24,False
383,Rohit,Iyer,M,rohit.iyer383@example.com,98262498018,Hyderabad,TS,IN,Gold,2024-05-12,35-44,False
384,Ananya,Das,F,ananya.das384@example.com,94073844359,Visakhapatnam,AP,IN,Bronze,2024-12-20,25-34,True
385,Rahul,Iyer,M,rahul.iyer385@example.com,96517984770,Surat,GJ,IN,Bronze,2024-02-12,18-24,True
386,Arjun,Das,M,arjun.das386@example.com,93162240534,Hyderabad,TS,IN,Bronze,2025-06-25,18-24,True
387,Arjun,Verma,M,arjun.verma387@example.com,94407588346,Jaipur,RJ,IN,Bronze,2025-07-26,25-34,True
388,Suresh,Sharma,M,suresh.sharma388@example.com,92819028701,Nagpur,MH,IN,Silver,2024-07-16,55+,False
389,Vikram,Sharma,M,vikram.sharma389@example.com,95786414701,Kochi,KL,IN,Bronze,2024-01-20,35-44,False
390,Riya,Reddy,F,riya.reddy390@example.com,94909143233,Visakhapatnam,AP,IN,Silver,2025-03-27,35-44,True
391,Isha,Iyer,F,isha.iyer391@example.com,91849073523,Nagpur,MH,IN,Platinum,2024-09-17,18-24,False
392,Arjun,Sharma,M,arjun.sharma392@example.com,97931682544,Ahmedabad,GJ,IN,Silver,2025-03-25,25-34,False
393,Kunal,Khan,M,kunal.khan393@example.com,93483314578,Jaipur,RJ,IN,Bronze,2025-05-12,25-34,True
394,Rahul,Sharma,M,rahul.sharma394@example.com,94825923687,Nagpur,MH,IN,Gold,2024-01-25,18-24,False
395,Suresh,Verma,M,suresh.verma395@example.com,93950269485,Kolkata,WB,IN,Silver,2024-01-31,18-24,True
396,Suresh,Das,M,suresh.das396@example.com,94167369486,Nagpur,MH,IN,Silver,2024-08-31,25-34,False
397,Karthik,Reddy,M,karthik.reddy397@example.com,99727944208,Jaipur,RJ,IN,Silver,2024-10-17,45-54,True
398,Vihaan,Gupta,M,vihaan.gupta398@example.com,92529806690,Surat,GJ,IN,Gold,2025-07-19,25-34,True
399,Neha,Gupta,F,neha.gupta399@example.com,92036674479,Visakhapatnam,AP,IN,Silver,2024-08-11,18-24,True
400,Diya,Iyer,F,diya.iyer400@example.com,91607745829,Bengaluru,KA,IN,Silver,2025-02-25,18-24,False
401,Vihaan,Das,M,vihaan.das401@example.com,99433462875,Mumbai,MH,IN,Gold,2024-05-31,25-34,True
402,Neha,Reddy,F,neha.reddy402@example.com,94983904135,Hyderabad,TS,IN,Bronze,2024-04-18,18-24,False
403,Suresh,Reddy,M,suresh.reddy403@example.com,98852785741,Chennai,TN,IN,Bronze,2025-03-26,18-24,True
404,Ananya,Khan,F,ananya.khan404@example.com,99527437404,Kolkata,WB,IN,Bronze,2025-06-22,25-34,True
405,Arjun,Gupta,M,arjun.gupta405@example.com,92710406943,Kochi,KL,IN,Gold,2025-05-16,35-44,True
406,Rahul,Kulkarni,M,rahul.kulkarni406@example.com,96883574252,Surat,GJ,IN,Bronze,2024-05-27,35-44,True
407,Isha,Patel,F,isha.patel407@example.com,97736630201,Mumbai,MH,IN,Gold,2024-10-12,25-34,True
408,Vihaan,Kulkarni,M,vihaan.kulkarni408@example.com,93671816369,Nagpur,MH,IN,Bronze,2024-03-20,25-34,True
409,Rahul,Kulkarni,M,rahul.kulkarni409@example.com,92772635883,Surat,GJ,IN,Bronze,2024-06-28,25-34,True
410,Rohit,Das,M,rohit.das410@example.com,97946744866,Indore,MP,IN,Bronze,2025-01-01,25-34,False
411,Rajat,Patel,M,rajat.patel411@example.com,99188178187,Pune,MH,IN,Silver,2024-07-24,25-34,False
412,Riya,Singh,F,riya.singh412@example.com,95125386619,Ahmedabad,GJ,IN,Bronze,2024-02-04,25-34,True
413,Neha,Reddy,F,neha.reddy413@example.com,95569092976,Indore,MP,IN,Silver,2025-05-02,35-44,True
414,Riya,Singh,F,riya.singh414@example.com,98582095012,Surat,GJ,IN,Gold,2025-05-22,18-24,True
415,Karthik,Patel,M,karthik.patel415@example.com,98743113016,Bengaluru,KA,IN,Silver,2024-10-12,18-24,True
416,Riya,Khan,F,riya.khan416@example.com,92839235906,Jaipur,RJ,IN,Bronze,2024-09-02,45-54,False
417,Kunal,Iyer,M,kunal.iyer417@example.com,93630803890,Visakhapatnam,AP,IN,Platinum,2024-04-06,25-34,True
418,Kunal,Das,M,kunal.das418@example.com,91355712568,Nagpur,MH,IN,Silver,2025-02-17,18-24,True
419,Neha,Gupta,F,neha.gupta419@example.com,99539863813,Kolkata,WB,IN,Silver,2024-05-03,25-34,True
420,Vikram,Sharma,M,vikram.sharma420@example.com,95695427927,Pune,MH,IN,Bronze,2024-10-02,25-34,False
421,Priya,Kulkarni,F,priya.kulkarni421@example.com,91708689608,New Delhi,DL,IN,Bronze,2024-01-02,25-34,True
422,Rajat,Singh,M,rajat.singh422@example.com,97876684480,Visakhapatnam,AP,IN,Bronze,2024-04-15,45-54,True
423,Kunal,Reddy,M,kunal.reddy423@example.com,94629462245,Nagpur,MH,IN,Bronze,2024-06-20,55+,True
424,Rahul,Singh,M,rahul.singh424@example.com,96162766018,Hyderabad,TS,IN,Bronze,2024-06-02,25-34,True
425,Pooja,Reddy,F,pooja.reddy425@example.com,92247224962,Indore,MP,IN,Bronze,2024-02-25,45-54,True
426,Pooja,Das,F,pooja.das426@example.com,91622259504,Nagpur,MH,IN,Bronze,2025-02-06,18-24,False
427,Kunal,Gupta,M,kunal.gupta427@example.com,97513707611,Jaipur,RJ,IN,Bronze,2025-08-01,45-54,True
428,Suresh,Gupta,M,suresh.gupta428@example.com,91506599316,Surat,GJ,IN,Gold,2025-05-18,18-24,True
429,Rohit,Kulkarni,M,rohit.kulkarni429@example.com,98159729735,Chennai,TN,IN,Bronze,2024-01-17,55+,True
430,Isha,Sharma,F,isha.sharma430@example.com,91465747710,Indore,MP,IN,Bronze,2024-10-19,45-54,False
431,Aanya,Singh,F,aanya.singh431@example.com,93369855540,Lucknow,UP,IN,Bronze,2024-02-05,25-34,True
432,Vikram,Reddy,M,vikram.reddy432@example.com,93749325511,Jaipur,RJ,IN,Bronze,2024-08-02,25-34,True
433,Ananya,Patel,F,ananya.patel433@example.com,96419074525,Bengaluru,KA,IN,Bronze,2024-09-20,45-54,True
434,Kunal,Khan,M,kunal.khan434@example.com,91077555314,Visakhapatnam,AP,IN,Bronze,2025-02-09,35-44,False
435,Rahul,Patel,M,rahul.patel435@example.com,97732638630,Pune,MH,IN,Bronze,2025-05-11,35-44,True
436,Arjun,Verma,M,arjun.verma436@example.com,96356704168,Indore,MP,IN,Platinum,2024-12-11,18-24,True
437,Suresh,Verma,M,suresh.verma437@example.com,95997300578,Kochi,KL,IN,Silver,2024-05-09,35-44,False
438,Neha,Patel,F,neha.patel438@example.com,93225403747,Chennai,TN,IN,Silver,2025-04-07,25-34,True
439,Riya,Singh,F,riya.singh439@example.com,97137063144,Visakhapatnam,AP,IN,Platinum,2024-10-18,25-34,True
440,Suresh,Sharma,M,suresh.sharma440@example.com,93130317950,Ahmedabad,GJ,IN,Silver,2024-08-31,18-24,False
441,Vihaan,Patel,M,vihaan.patel441@example.com,92781826717,Lucknow,UP,IN,Silver,2025-05-04,45-54,False
442,Rohit,Iyer,M,rohit.iyer442@example.com,97226623550,Nagpur,MH,IN,Silver,2024-02-26,35-44,False
443,Sneha,Khan,F,sneha.khan443@example.com,96275586656,Bengaluru,KA,IN,Bronze,2025-06-22,55+,True
444,Priya,Reddy,F,priya.reddy444@example.com,94934152379,Chennai,TN,IN,Silver,2025-02-11,55+,True
445,Karthik,Sharma,M,karthik.sharma445@example.com,95854939827,Ahmedabad,GJ,IN,Bronze,2025-05-04,18-24,True
446,Ananya,Singh,F,ananya.singh446@example.com,96266722161,Jaipur,RJ,IN,Silver,2024-11-29,35-44,True
447,Priya,Khan,F,priya.khan447@example.com,96622845711,Bengaluru,KA,IN,Silver,2024-01-15,18-24,True
448,Rohit,Das,M,rohit.das448@example.com,98856884937,Hyderabad,TS,IN,Silver,2024-12-20,18-24,True
449,Rajat,Verma,M,rajat.verma449@example.com,97606149037,New Delhi,DL,IN,Gold,2024-08-09,25-34,True
450,Rajat,Gupta,M,rajat.gupta450@example.com,98776975183,Surat,GJ,IN,Silver,2024-12-12,25-34,True
451,Vihaan,Das,M,vihaan.das451@example.com,92287066611,Indore,MP,IN,Bronze,2024-04-03,55+,True
452,Kunal,Iyer,M,kunal.iyer452@example.com,91951751237,Bengaluru,KA,IN,Bronze,2024-08-06,35-44,True
453,Isha,Reddy,F,isha.reddy453@example.com,98224344784,Hyderabad,TS,IN,Bronze,2025-06-23,55+,True
454,Kunal,Das,M,kunal.das454@example.com,99309724211,Bengaluru,KA,IN,Gold,2024-12-21,25-34,True
455,Vihaan,Gupta,M,vihaan.gupta455@example.com,98375056799,Indore,MP,IN,Bronze,2024-04-25,35-44,False
456,Sneha,Patel,F,sneha.patel456@example.com,93494783261,Kolkata,WB,IN,Bronze,2024-01-20,55+,False
457,Vikram,Khan,M,vikram.khan457@example.com,96780856704,Surat,GJ,IN,Bronze,2025-02-02,18-24,True
458,Karthik,Iyer,M,karthik.iyer458@example.com,98529766716,Jaipur,RJ,IN,Bronze,2024-09-02,18-24,True
459,Arjun,Iyer,M,arjun.iyer459@example.com,92468860162,Surat,GJ,IN,Silver,2025-04-16,35-44,False
460,Vihaan,Das,M,vihaan.das460@example.com,99220902937,Jaipur,RJ,IN,Gold,2024-08-02,45-54,True
461,Priya,Singh,F,priya.singh461@example.com,96752913938,Hyderabad,TS,IN,Silver,2024-11-03,55+,True
462,Ananya,Gupta,F,ananya.gupta462@example.com,94395536551,Ahmedabad,GJ,IN,Bronze,2024-01-10,25-34,True
463,Vikram,Gupta,M,vikram.gupta463@example.com,94057453487,Nagpur,MH,IN,Bronze,2024-03-21,25-34,False
464,Suresh,Sharma,M,suresh.sharma464@example.com,93876990108,Surat,GJ,IN,Bronze,2024-11-04,25-34,True
465,Ananya,Verma,F,ananya.verma465@example.com,99550015934,Indore,MP,IN,Bronze,2024-11-16,18-24,True
466,Suresh,Reddy,M,suresh.reddy466@example.com,91278953096,Kolkata,WB,IN,Silver,2025-02-08,35-44,False
467,Kunal,Gupta,M,kunal.gupta467@example.com,96435501984,Bengaluru,KA,IN,Bronze,2024-10-05,18-24,False
468,Riya,Sharma,F,riya.sharma468@example.com,91142229152,Surat,GJ,IN,Silver,2024-01-25,35-44,False
469,Rohit,Kulkarni,M,rohit.kulkarni469@example.com,96579243821,Hyderabad,TS,IN,Silver,2025-04-12,18-24,False
470,Aarav,Khan,M,aarav.khan470@example.com,98525797757,Pune,MH,IN,Bronze,2025-05-16,18-24,True
471,Arjun,Kulkarni,M,arjun.kulkarni471@example.com,94009233040,Pune,MH,IN,Bronze,2024-04-26,25-34,False
472,Diya,Verma,F,diya.verma472@example.com,96873105265,Pune,MH,IN,Bronze,2024-09-20,25-34,False
473,Rajat,Gupta,M,rajat.gupta473@example.com,94661702554,Nagpur,MH,IN,Gold,2024-11-27,25-34,False
474,Rohit,Khan,M,rohit.khan474@example.com,97781144854,Lucknow,UP,IN,Bronze,2025-07-09,18-24,True
475,Arjun,Kulkarni,M,arjun.kulkarni475@example.com,96994470692,Hyderabad,TS,IN,Bronze,2024-06-25,35-44,True
476,Neha,Patel,F,neha.patel476@example.com,93440240975,Mumbai,MH,IN,Bronze,2025-06-01,18-24,False
477,Sneha,Singh,F,sneha.singh477@example.com,99119347014,Lucknow,UP,IN,Gold,2025-06-15,18-24,False
478,Isha,Sharma,F,isha.sharma478@example.com,94802455754,Surat,GJ,IN,Silver,2025-07-14,25-34,True
479,Aarav,Patel,M,aarav.patel479@example.com,91741851905,Hyderabad,TS,IN,Bronze,2025-05-01,35-44,True
480,Suresh,Gupta,M,suresh.gupta480@example.com,95179614636,Jaipur,RJ,IN,Bronze,2025-06-02,45-54,True
481,Ananya,Reddy,F,ananya.reddy481@example.com,97839865102,Mumbai,MH,IN,Silver,2024-06-16,25-34,False
482,Neha,Reddy,F,neha.reddy482@example.com,98188748449,Mumbai,MH,IN,Silver,2025-05-18,45-54,False
483,Rahul,Verma,M,rahul.verma483@example.com,98325241152,Bengaluru,KA,IN,Silver,2024-02-09,45-54,True
484,Diya,Das,F,diya.das484@example.com,91953481212,Ahmedabad,GJ,IN,Bronze,2024-09-21,45-54,True
485,Suresh,Verma,M,suresh.verma485@example.com,93213829163,Jaipur,RJ,IN,Bronze,2024-11-24,45-54,True
486,Diya,Das,F,diya.das486@example.com,95205460310,Kochi,KL,IN,Silver,2025-04-15,25-34,True
487,Rohit,Kulkarni,M,rohit.kulkarni487@example.com,96237992158,Hyderabad,TS,IN,Silver,2024-03-11,35-44,False
488,Karthik,Singh,M,karthik.singh488@example.com,98205194056,Ahmedabad,GJ,IN,Gold,2024-10-02,18-24,True
489,Aarav,Reddy,M,aarav.reddy489@example.com,97652550896,Ahmedabad,GJ,IN,Bronze,2025-03-09,18-24,True
490,Priya,Iyer,F,priya.iyer490@example.com,94431767845,Surat,GJ,IN,Gold,2025-01-27,55+,False
491,Vihaan,Das,M,vihaan.das491@example.com,98376923974,Visakhapatnam,AP,IN,Bronze,2025-07-05,45-54,False
492,Vikram,Sharma,M,vikram.sharma492@example.com,94490776225,Indore,MP,IN,Gold,2024-08-17,35-44,True
493,Diya,Khan,F,diya.khan493@example.com,93069532160,Jaipur,RJ,IN,Bronze,2024-11-22,55+,True
494,Arjun,Sharma,M,arjun.sharma494@example.com,92255489631,Mumbai,MH,IN,Gold,2025-01-10,18-24,True
495,Neha,Kulkarni,F,neha.kulkarni495@example.com,91109268108,Surat,GJ,IN,Silver,2024-10-28,35-44,True
496,Rajat,Verma,M,rajat.verma496@example.com,92511441825,Visakhapatnam,AP,IN,Silver,2024-10-26,35-44,True
497,Suresh,Iyer,M,suresh.iyer497@example.com,99036144957,Jaipur,RJ,IN,Bronze,2025-02-17,25-34,True
498,Karthik,Singh,M,karthik.singh498@example.com,95140337363,Ahmedabad,GJ,IN,Bronze,2024-06-23,25-34,False
499,Sneha,Kulkarni,F,sneha.kulkarni499@example.com,91837983977,Kolkata,WB,IN,Gold,2024-11-07,35-44,True
500,Diya,Sharma,F,diya.sharma500@example.com,92856456130,Nagpur,MH,IN,Bronze,2024-04-12,25-34,True
